target,source
4gYs5HZbvGdsUrQrRzlrNgp7GCEfpyyj,naturafro.fr
4gYs5HZbvGdsUrQrRzlrNgp7GCEfpyyj,skleperos.pl
4gYs5HZbvGdsUrQrRzlrNgp7GCEfpyyj,labeilleduterroir.com
4gYs5HZbvGdsUrQrRzlrNgp7GCEfpyyj,worldrc.ru
4gYs5HZbvGdsUrQrRzlrNgp7GCEfpyyj,jolimakeup.com
FGZZeDbNg5AMpILuz8fKWI4UJqdNIxce,pornhugetube.com
FGZZeDbNg5AMpILuz8fKWI4UJqdNIxce,hd-sex-free.com
FGZZeDbNg5AMpILuz8fKWI4UJqdNIxce,juicyadultvideos.com
FGZZeDbNg5AMpILuz8fKWI4UJqdNIxce,hdsexygirls.com
FGZZeDbNg5AMpILuz8fKWI4UJqdNIxce,xxxmovz.net
FGZZeDbNg5AMpILuz8fKWI4UJqdNIxce,bagfuck.com
FGZZeDbNg5AMpILuz8fKWI4UJqdNIxce,hd-porn-free.com
FGZZeDbNg5AMpILuz8fKWI4UJqdNIxce,hdpornclimb.com
FGZZeDbNg5AMpILuz8fKWI4UJqdNIxce,sexhdvids.com
FGZZeDbNg5AMpILuz8fKWI4UJqdNIxce,xxx-searches.com
Yq2af5ZaYuELhmPUH524q7sjiaCNCzXr,rtrac2.com
Yq2af5ZaYuELhmPUH524q7sjiaCNCzXr,flagstickidiambxee.download
Yq2af5ZaYuELhmPUH524q7sjiaCNCzXr,yilldfhplea.download
Yq2af5ZaYuELhmPUH524q7sjiaCNCzXr,finickingzepkzyw.download
Yq2af5ZaYuELhmPUH524q7sjiaCNCzXr,designersptjogyrc.download
Yq2af5ZaYuELhmPUH524q7sjiaCNCzXr,tubatebunjrqzi.download
Yq2af5ZaYuELhmPUH524q7sjiaCNCzXr,treddleswdnnipx.download
Yq2af5ZaYuELhmPUH524q7sjiaCNCzXr,meliorismuybiorkye.download
Yq2af5ZaYuELhmPUH524q7sjiaCNCzXr,nitratedffwtprxdo.download
Yq2af5ZaYuELhmPUH524q7sjiaCNCzXr,popelingmltdiidyr.download
Yq2af5ZaYuELhmPUH524q7sjiaCNCzXr,shortcakeoqcyroabw.download
Yq2af5ZaYuELhmPUH524q7sjiaCNCzXr,dentaliumseeldbz.download
Yq2af5ZaYuELhmPUH524q7sjiaCNCzXr,gnarlierthnhsfgz102.com
Yq2af5ZaYuELhmPUH524q7sjiaCNCzXr,defacingxzvtkeaqu.download
Yq2af5ZaYuELhmPUH524q7sjiaCNCzXr,interludenbaabaim.download
Yq2af5ZaYuELhmPUH524q7sjiaCNCzXr,economizerfmtwfqxv.download
Yq2af5ZaYuELhmPUH524q7sjiaCNCzXr,licencenegubj.download
Yq2af5ZaYuELhmPUH524q7sjiaCNCzXr,isoclinicvzlcj.download
Yq2af5ZaYuELhmPUH524q7sjiaCNCzXr,bronzenvyjwnz.download
Yq2af5ZaYuELhmPUH524q7sjiaCNCzXr,utilizerszoyvkr.download
Yq2af5ZaYuELhmPUH524q7sjiaCNCzXr,ethologistzzllmzm.download
Yq2af5ZaYuELhmPUH524q7sjiaCNCzXr,oustingelgnoxce.download
Yq2af5ZaYuELhmPUH524q7sjiaCNCzXr,pillagerrdnupa.download
Yq2af5ZaYuELhmPUH524q7sjiaCNCzXr,mizensyfolnyrk.download
Yq2af5ZaYuELhmPUH524q7sjiaCNCzXr,electorelyjs.download
Yq2af5ZaYuELhmPUH524q7sjiaCNCzXr,smockingbjyvmh.download
Yq2af5ZaYuELhmPUH524q7sjiaCNCzXr,milliremsfpscyd.download
Yq2af5ZaYuELhmPUH524q7sjiaCNCzXr,permutingklwwh.download
Yq2af5ZaYuELhmPUH524q7sjiaCNCzXr,cringersredtdw.download
Yq2af5ZaYuELhmPUH524q7sjiaCNCzXr,washesqydoigavu.download
Yq2af5ZaYuELhmPUH524q7sjiaCNCzXr,dodderssbsczsaao.download
Yq2af5ZaYuELhmPUH524q7sjiaCNCzXr,lacqueyiiwkr.download
Yq2af5ZaYuELhmPUH524q7sjiaCNCzXr,marmrtr115.com
Yq2af5ZaYuELhmPUH524q7sjiaCNCzXr,undeckingktzghqdig.download
Yq2af5ZaYuELhmPUH524q7sjiaCNCzXr,suspensoidezbxnnkh.download
Yq2af5ZaYuELhmPUH524q7sjiaCNCzXr,shacklenygabcjb.download
Yq2af5ZaYuELhmPUH524q7sjiaCNCzXr,quiveredjddtwyyz.download
Yq2af5ZaYuELhmPUH524q7sjiaCNCzXr,acinusqiwjwzl.download
Yq2af5ZaYuELhmPUH524q7sjiaCNCzXr,clottingsuoxiz.download
Yq2af5ZaYuELhmPUH524q7sjiaCNCzXr,pontianacddedwxb.download
Yq2af5ZaYuELhmPUH524q7sjiaCNCzXr,bastardlystydflko.download
Yq2af5ZaYuELhmPUH524q7sjiaCNCzXr,frizzingaqrpioyby.download
Yq2af5ZaYuELhmPUH524q7sjiaCNCzXr,mercerisevscruwuuh.download
Yq2af5ZaYuELhmPUH524q7sjiaCNCzXr,recapimgscrooe.download
Yq2af5ZaYuELhmPUH524q7sjiaCNCzXr,nappypxhwxqf.download
Yq2af5ZaYuELhmPUH524q7sjiaCNCzXr,amylaseyaxvh.download
Yq2af5ZaYuELhmPUH524q7sjiaCNCzXr,teindskduuga.download
Yq2af5ZaYuELhmPUH524q7sjiaCNCzXr,humanismohslzfik.download
Yq2af5ZaYuELhmPUH524q7sjiaCNCzXr,estivatedkxmuye.win
Yq2af5ZaYuELhmPUH524q7sjiaCNCzXr,mmdirrtr1.com
Yq2af5ZaYuELhmPUH524q7sjiaCNCzXr,wetnesszjtlus.download
Yq2af5ZaYuELhmPUH524q7sjiaCNCzXr,sensiblyvsgwyq.download
Yq2af5ZaYuELhmPUH524q7sjiaCNCzXr,connotenrrvlxq.download
Yq2af5ZaYuELhmPUH524q7sjiaCNCzXr,athanorjjvdyu.download
Yq2af5ZaYuELhmPUH524q7sjiaCNCzXr,featousvzgzfinst.download
Yq2af5ZaYuELhmPUH524q7sjiaCNCzXr,waddyjvjbua.download
Yq2af5ZaYuELhmPUH524q7sjiaCNCzXr,visiteeselycp.win
Yq2af5ZaYuELhmPUH524q7sjiaCNCzXr,surchargerrbkiqfr.download
Yq2af5ZaYuELhmPUH524q7sjiaCNCzXr,peatierlimbfwhs.download
Yq2af5ZaYuELhmPUH524q7sjiaCNCzXr,gigletcirjy.download
Yq2af5ZaYuELhmPUH524q7sjiaCNCzXr,arrestspkqtg.download
Yq2af5ZaYuELhmPUH524q7sjiaCNCzXr,bourgeonujprvxf.download
Yq2af5ZaYuELhmPUH524q7sjiaCNCzXr,laddieskurzqcfq.download
Yq2af5ZaYuELhmPUH524q7sjiaCNCzXr,waughsbnrqa.download
Yq2af5ZaYuELhmPUH524q7sjiaCNCzXr,rtrac1.com
Yq2af5ZaYuELhmPUH524q7sjiaCNCzXr,bastionedqpaugac.download
Yq2af5ZaYuELhmPUH524q7sjiaCNCzXr,beadngmke.download
Yq2af5ZaYuELhmPUH524q7sjiaCNCzXr,dispursenmhzyiyrq.win
Yq2af5ZaYuELhmPUH524q7sjiaCNCzXr,barbicanruhruofq.download
Yq2af5ZaYuELhmPUH524q7sjiaCNCzXr,serinnbddsiswd.win
Yq2af5ZaYuELhmPUH524q7sjiaCNCzXr,reperusedorxjwmlx.download
Yq2af5ZaYuELhmPUH524q7sjiaCNCzXr,rtrprop4.com
Yq2af5ZaYuELhmPUH524q7sjiaCNCzXr,northernimajf.download
Yq2af5ZaYuELhmPUH524q7sjiaCNCzXr,iqfdwligation.review
Yq2af5ZaYuELhmPUH524q7sjiaCNCzXr,scratchierfdgycne.download
Yq2af5ZaYuELhmPUH524q7sjiaCNCzXr,stenopaeiclxrtmu.download
Yq2af5ZaYuELhmPUH524q7sjiaCNCzXr,ureargwxqm.download
Yq2af5ZaYuELhmPUH524q7sjiaCNCzXr,bouderiepzbmryr.win
Yq2af5ZaYuELhmPUH524q7sjiaCNCzXr,cytodeshvvpzulj.download
Yq2af5ZaYuELhmPUH524q7sjiaCNCzXr,synesbpzgafl.win
Yq2af5ZaYuELhmPUH524q7sjiaCNCzXr,advisoryndjvtne.win
Yq2af5ZaYuELhmPUH524q7sjiaCNCzXr,encradlesrxbcmmw.download
Yq2af5ZaYuELhmPUH524q7sjiaCNCzXr,pistillodebaqvws.download
Yq2af5ZaYuELhmPUH524q7sjiaCNCzXr,elidefyvmec.win
Yq2af5ZaYuELhmPUH524q7sjiaCNCzXr,nitwittedapvlks.download
Yq2af5ZaYuELhmPUH524q7sjiaCNCzXr,valguskrmbvqh.win
Yq2af5ZaYuELhmPUH524q7sjiaCNCzXr,raisexghgo.download
Yq2af5ZaYuELhmPUH524q7sjiaCNCzXr,rabatteddpumrn.download
Yq2af5ZaYuELhmPUH524q7sjiaCNCzXr,finalizehmnzdo.download
Yq2af5ZaYuELhmPUH524q7sjiaCNCzXr,hhrmdycucicatrixes.review
Yq2af5ZaYuELhmPUH524q7sjiaCNCzXr,pacifiedgbcfnzhdx.win
Yq2af5ZaYuELhmPUH524q7sjiaCNCzXr,kqqfxfortlets.review
Yq2af5ZaYuELhmPUH524q7sjiaCNCzXr,subverterhlqaznog.download
Yq2af5ZaYuELhmPUH524q7sjiaCNCzXr,papswymbdbxj.win
Yq2af5ZaYuELhmPUH524q7sjiaCNCzXr,ajwantjtkrn.download
Yq2af5ZaYuELhmPUH524q7sjiaCNCzXr,frockueccyghma.download
Yq2af5ZaYuELhmPUH524q7sjiaCNCzXr,typifierhaion.win
Yq2af5ZaYuELhmPUH524q7sjiaCNCzXr,uposltehputrefy.review
Yq2af5ZaYuELhmPUH524q7sjiaCNCzXr,bellyingsywynhd.win
Yq2af5ZaYuELhmPUH524q7sjiaCNCzXr,offendedlysnqfwo.win
Yq2af5ZaYuELhmPUH524q7sjiaCNCzXr,houtswcmph.win
Yq2af5ZaYuELhmPUH524q7sjiaCNCzXr,okktbqjessed.review
Yq2af5ZaYuELhmPUH524q7sjiaCNCzXr,qfrirscauterises.review
Yq2af5ZaYuELhmPUH524q7sjiaCNCzXr,utekomudiria.review
Yq2af5ZaYuELhmPUH524q7sjiaCNCzXr,unrestingdttod.download
Yq2af5ZaYuELhmPUH524q7sjiaCNCzXr,wzsqxcputzonulas.review
Yq2af5ZaYuELhmPUH524q7sjiaCNCzXr,diachylumxslwhrvfr.win
Yq2af5ZaYuELhmPUH524q7sjiaCNCzXr,nombrilsrnxcya.download
Yq2af5ZaYuELhmPUH524q7sjiaCNCzXr,parklikefpjfubtvv.download
Yq2af5ZaYuELhmPUH524q7sjiaCNCzXr,qgzvduwosfester.review
Yq2af5ZaYuELhmPUH524q7sjiaCNCzXr,suaipcxtwplumous.review
Yq2af5ZaYuELhmPUH524q7sjiaCNCzXr,qfwgibackyards.review
Yq2af5ZaYuELhmPUH524q7sjiaCNCzXr,xnyxovspeisses.review
Yq2af5ZaYuELhmPUH524q7sjiaCNCzXr,monoacidhajsedj.download
Yq2af5ZaYuELhmPUH524q7sjiaCNCzXr,miscopiedgprpriq.download
Yq2af5ZaYuELhmPUH524q7sjiaCNCzXr,rabblerslcphhi.download
gankS9JI0QUS938Pj0EWdhD4Asz0vlOB,ael.ru
gankS9JI0QUS938Pj0EWdhD4Asz0vlOB,nakuzov.ru
giCQ3iyTYCMPVVEfHcempxoapioTUlT1,suspendeddomain.org
giCQ3iyTYCMPVVEfHcempxoapioTUlT1,trick4you.in
jJgIt4rNIHhAJiALMH4xmMm2DqVkoZ7x,postforads.com
jJgIt4rNIHhAJiALMH4xmMm2DqVkoZ7x,webforest.ir
l8Un4BkrkTfKQOEoCRyTtGMfhJFlibNu,ketab.ir
l8Un4BkrkTfKQOEoCRyTtGMfhJFlibNu,sepidwebhost.com
l8Un4BkrkTfKQOEoCRyTtGMfhJFlibNu,sarosiran.com
l8Un4BkrkTfKQOEoCRyTtGMfhJFlibNu,farzanegan.ac.ir
l8Un4BkrkTfKQOEoCRyTtGMfhJFlibNu,mtctools.ir
pfr5E2eLd0VduZ1wKaesPFnccU9d2GZi,safeharborredir.com
pfr5E2eLd0VduZ1wKaesPFnccU9d2GZi,1592878.com
pfr5E2eLd0VduZ1wKaesPFnccU9d2GZi,popflawlessads.com
pfr5E2eLd0VduZ1wKaesPFnccU9d2GZi,carx.gdn
pfr5E2eLd0VduZ1wKaesPFnccU9d2GZi,realprotectedjump.com
pfr5E2eLd0VduZ1wKaesPFnccU9d2GZi,safecleanredir.com
pfr5E2eLd0VduZ1wKaesPFnccU9d2GZi,2568786.com
pfr5E2eLd0VduZ1wKaesPFnccU9d2GZi,freshsuperbloop.com
pfr5E2eLd0VduZ1wKaesPFnccU9d2GZi,ultrasafteypop.com
pfr5E2eLd0VduZ1wKaesPFnccU9d2GZi,2yd.xyz
pfr5E2eLd0VduZ1wKaesPFnccU9d2GZi,statude.com
pfr5E2eLd0VduZ1wKaesPFnccU9d2GZi,6128781.com
pfr5E2eLd0VduZ1wKaesPFnccU9d2GZi,femo.gdn
pfr5E2eLd0VduZ1wKaesPFnccU9d2GZi,johe.gdn
pfr5E2eLd0VduZ1wKaesPFnccU9d2GZi,soundharborredirect.com
pfr5E2eLd0VduZ1wKaesPFnccU9d2GZi,6125878.com
pfr5E2eLd0VduZ1wKaesPFnccU9d2GZi,2238786.com
pfr5E2eLd0VduZ1wKaesPFnccU9d2GZi,hafa.gdn
pfr5E2eLd0VduZ1wKaesPFnccU9d2GZi,coldcertainchannel.com
pfr5E2eLd0VduZ1wKaesPFnccU9d2GZi,2687815.com
pfr5E2eLd0VduZ1wKaesPFnccU9d2GZi,2zo.xyz
pfr5E2eLd0VduZ1wKaesPFnccU9d2GZi,gigb.gdn
pfr5E2eLd0VduZ1wKaesPFnccU9d2GZi,firmssllink.com
pfr5E2eLd0VduZ1wKaesPFnccU9d2GZi,safeharborlink.com
pfr5E2eLd0VduZ1wKaesPFnccU9d2GZi,jerb.gdn
pfr5E2eLd0VduZ1wKaesPFnccU9d2GZi,2587862.com
pfr5E2eLd0VduZ1wKaesPFnccU9d2GZi,donb.gdn
pfr5E2eLd0VduZ1wKaesPFnccU9d2GZi,ciso.gdn
pfr5E2eLd0VduZ1wKaesPFnccU9d2GZi,dofi.gdn
pfr5E2eLd0VduZ1wKaesPFnccU9d2GZi,koho.gdn
pfr5E2eLd0VduZ1wKaesPFnccU9d2GZi,firmsecurecurrent.com
pfr5E2eLd0VduZ1wKaesPFnccU9d2GZi,2558785.com
pfr5E2eLd0VduZ1wKaesPFnccU9d2GZi,2i5.xyz
pfr5E2eLd0VduZ1wKaesPFnccU9d2GZi,gake.gdn
pfr5E2eLd0VduZ1wKaesPFnccU9d2GZi,5565935.com
pfr5E2eLd0VduZ1wKaesPFnccU9d2GZi,genuineprotectedlink.com
pfr5E2eLd0VduZ1wKaesPFnccU9d2GZi,decx.gdn
pfr5E2eLd0VduZ1wKaesPFnccU9d2GZi,5565925.com
pfr5E2eLd0VduZ1wKaesPFnccU9d2GZi,2587835.com
pfr5E2eLd0VduZ1wKaesPFnccU9d2GZi,gocb.gdn
pfr5E2eLd0VduZ1wKaesPFnccU9d2GZi,5515235.com
pfr5E2eLd0VduZ1wKaesPFnccU9d2GZi,proven-offer.org
pfr5E2eLd0VduZ1wKaesPFnccU9d2GZi,truesslredirect.com
pfr5E2eLd0VduZ1wKaesPFnccU9d2GZi,5355156.com
pfr5E2eLd0VduZ1wKaesPFnccU9d2GZi,popularcertainnexus.com
pfr5E2eLd0VduZ1wKaesPFnccU9d2GZi,jije.gdn
pfr5E2eLd0VduZ1wKaesPFnccU9d2GZi,genuinedefendlinked.com
pfr5E2eLd0VduZ1wKaesPFnccU9d2GZi,publicflawlessbrands.com
pfr5E2eLd0VduZ1wKaesPFnccU9d2GZi,shoppersurvey.info
pfr5E2eLd0VduZ1wKaesPFnccU9d2GZi,garo.gdn
pfr5E2eLd0VduZ1wKaesPFnccU9d2GZi,2587832.com
pfr5E2eLd0VduZ1wKaesPFnccU9d2GZi,geki.gdn
pfr5E2eLd0VduZ1wKaesPFnccU9d2GZi,jasb.gdn
pfr5E2eLd0VduZ1wKaesPFnccU9d2GZi,kide.gdn
pfr5E2eLd0VduZ1wKaesPFnccU9d2GZi,canwemeetonline.com
pfr5E2eLd0VduZ1wKaesPFnccU9d2GZi,clearshieldredirect.com
pfr5E2eLd0VduZ1wKaesPFnccU9d2GZi,cayo.gdn
pfr5E2eLd0VduZ1wKaesPFnccU9d2GZi,dabc.gdn
pfr5E2eLd0VduZ1wKaesPFnccU9d2GZi,cd-secure.com
pfr5E2eLd0VduZ1wKaesPFnccU9d2GZi,ceco.gdn
pfr5E2eLd0VduZ1wKaesPFnccU9d2GZi,2qt.xyz
pfr5E2eLd0VduZ1wKaesPFnccU9d2GZi,2587825.com
pfr5E2eLd0VduZ1wKaesPFnccU9d2GZi,safeprotectedlinked.com
pfr5E2eLd0VduZ1wKaesPFnccU9d2GZi,cldoffers.com
pfr5E2eLd0VduZ1wKaesPFnccU9d2GZi,2587836.com
pfr5E2eLd0VduZ1wKaesPFnccU9d2GZi,2593878.com
pfr5E2eLd0VduZ1wKaesPFnccU9d2GZi,5565825.com
pfr5E2eLd0VduZ1wKaesPFnccU9d2GZi,realshieldredir.com
pfr5E2eLd0VduZ1wKaesPFnccU9d2GZi,2598785.com
pfr5E2eLd0VduZ1wKaesPFnccU9d2GZi,offersupply.org
pfr5E2eLd0VduZ1wKaesPFnccU9d2GZi,2568782.com
pfr5E2eLd0VduZ1wKaesPFnccU9d2GZi,cleancleanseam.com
pfr5E2eLd0VduZ1wKaesPFnccU9d2GZi,cefo.gdn
pfr5E2eLd0VduZ1wKaesPFnccU9d2GZi,3gn.xyz
pfr5E2eLd0VduZ1wKaesPFnccU9d2GZi,cldlr.com
pfr5E2eLd0VduZ1wKaesPFnccU9d2GZi,openadsrv.com
pfr5E2eLd0VduZ1wKaesPFnccU9d2GZi,5155651.com
pfr5E2eLd0VduZ1wKaesPFnccU9d2GZi,dipx.gdn
pfr5E2eLd0VduZ1wKaesPFnccU9d2GZi,kebb.gdn
pfr5E2eLd0VduZ1wKaesPFnccU9d2GZi,joce.gdn
pfr5E2eLd0VduZ1wKaesPFnccU9d2GZi,kobd.gdn
pfr5E2eLd0VduZ1wKaesPFnccU9d2GZi,kici.gdn
pfr5E2eLd0VduZ1wKaesPFnccU9d2GZi,cejd.gdn
pfr5E2eLd0VduZ1wKaesPFnccU9d2GZi,jomi.gdn
pfr5E2eLd0VduZ1wKaesPFnccU9d2GZi,popnimblebrand.com
pfr5E2eLd0VduZ1wKaesPFnccU9d2GZi,ultracleanpop.com
pfr5E2eLd0VduZ1wKaesPFnccU9d2GZi,6128785.com
pfr5E2eLd0VduZ1wKaesPFnccU9d2GZi,gimx.gdn
pfr5E2eLd0VduZ1wKaesPFnccU9d2GZi,2571878.com
pfr5E2eLd0VduZ1wKaesPFnccU9d2GZi,jipa.gdn
pfr5E2eLd0VduZ1wKaesPFnccU9d2GZi,5155625.com
pfr5E2eLd0VduZ1wKaesPFnccU9d2GZi,publicsslcurrent.com
pfr5E2eLd0VduZ1wKaesPFnccU9d2GZi,higx.gdn
pfr5E2eLd0VduZ1wKaesPFnccU9d2GZi,secjump.com
pfr5E2eLd0VduZ1wKaesPFnccU9d2GZi,5258553.com
pfr5E2eLd0VduZ1wKaesPFnccU9d2GZi,2pq.xyz
pfr5E2eLd0VduZ1wKaesPFnccU9d2GZi,dt-secure.com
pfr5E2eLd0VduZ1wKaesPFnccU9d2GZi,speedyshare.com
pfr5E2eLd0VduZ1wKaesPFnccU9d2GZi,1568783.com
pfr5E2eLd0VduZ1wKaesPFnccU9d2GZi,perfectsecurelaunch.com
pfr5E2eLd0VduZ1wKaesPFnccU9d2GZi,googlle.com
pfr5E2eLd0VduZ1wKaesPFnccU9d2GZi,consumersurveycenter.com
pfr5E2eLd0VduZ1wKaesPFnccU9d2GZi,2561878.com
pfr5E2eLd0VduZ1wKaesPFnccU9d2GZi,2687879.com
pfr5E2eLd0VduZ1wKaesPFnccU9d2GZi,5258551.com
pfr5E2eLd0VduZ1wKaesPFnccU9d2GZi,rediresense.com
pfr5E2eLd0VduZ1wKaesPFnccU9d2GZi,perfectcleanlinks.com
pfr5E2eLd0VduZ1wKaesPFnccU9d2GZi,5195595.com
pfr5E2eLd0VduZ1wKaesPFnccU9d2GZi,2687813.com
pfr5E2eLd0VduZ1wKaesPFnccU9d2GZi,starlitads.com
pfr5E2eLd0VduZ1wKaesPFnccU9d2GZi,6128786.com
pfr5E2eLd0VduZ1wKaesPFnccU9d2GZi,cd-sec.com
pfr5E2eLd0VduZ1wKaesPFnccU9d2GZi,2598783.com
pfr5E2eLd0VduZ1wKaesPFnccU9d2GZi,shopperreward.info
pfr5E2eLd0VduZ1wKaesPFnccU9d2GZi,dasi.gdn
pfr5E2eLd0VduZ1wKaesPFnccU9d2GZi,global-adsopt.com
pfr5E2eLd0VduZ1wKaesPFnccU9d2GZi,soundsslredirect.com
pfr5E2eLd0VduZ1wKaesPFnccU9d2GZi,bamboofuzzy.com
pfr5E2eLd0VduZ1wKaesPFnccU9d2GZi,genuinesecuredredir.com
pfr5E2eLd0VduZ1wKaesPFnccU9d2GZi,cleansafteyinterface.com
rrm8JXUAQLHPymc0qQRPikyxCps7UkCb,radwebco.com
rrm8JXUAQLHPymc0qQRPikyxCps7UkCb,quickfinds.in
rrm8JXUAQLHPymc0qQRPikyxCps7UkCb,ratingdada.com
rrm8JXUAQLHPymc0qQRPikyxCps7UkCb,desi-ad.in
rrm8JXUAQLHPymc0qQRPikyxCps7UkCb,forookhtani.ir
rrm8JXUAQLHPymc0qQRPikyxCps7UkCb,bamina.ir
tvlJKs0eswGv7RkGe0VEraBwMJDYgeoz,moviestreams.org
tvlJKs0eswGv7RkGe0VEraBwMJDYgeoz,ytsstream.com
tvlJKs0eswGv7RkGe0VEraBwMJDYgeoz,cinemaflix.net
xtFCkOWXnlc5ZsFwNrjy8Mi8U1E0VRsi,pakheaven.co
xtFCkOWXnlc5ZsFwNrjy8Mi8U1E0VRsi,cairolite.com
xtFCkOWXnlc5ZsFwNrjy8Mi8U1E0VRsi,honeywellsmarthomes.com
